{"cameraMode":{"drawMode":0,"name":"Shaded","section":"Shading Mode"},"sceneLighting":true,"audioPlay":false,"sceneViewState":{"m_AlwaysRefresh":false,"showFog":true,"showSkybox":false,"showFlares":true,"showImageEffects":true,"showParticleSystems":true,"showVisualEffectGraphs":true,"m_FxEnabled":true},"in2DMode":false,"pivot":{"x":45.27000045776367,"y":4.722999572753906,"z":-12.470001220703125},"rotation":{"x":-0.04178059846162796,"y":-0.11626927554607392,"z":0.0069728754460811619,"w":-0.9926595687866211},"size":24.24871063232422,"orthographic":false}