{"cameraMode":{"drawMode":0,"name":"Shaded","section":"Shading Mode"},"sceneLighting":true,"audioPlay":false,"sceneViewState":{"m_AlwaysRefresh":false,"showFog":true,"showSkybox":true,"showFlares":true,"showImageEffects":true,"showParticleSystems":true,"showVisualEffectGraphs":true,"m_FxEnabled":true},"in2DMode":false,"pivot":{"x":69.89659118652344,"y":-30.370235443115236,"z":-232.42576599121095},"rotation":{"x":-0.028801925480365754,"y":-0.9701027870178223,"z":0.17859166860580445,"w":-0.16477423906326295},"size":67.18701934814453,"orthographic":false}